seed,pass,contract,trump,pred_ev,actual_gp,p
100000,1,,,0.0000,0.0000,0.0000
100003,0,durchmars,,5.0815,-6.0000,0.9235
100007,0,ulti,hearts,3.5918,8.0000,0.8163
100010,1,,,0.0000,0.0000,0.0000
100008,0,ulti,bells,0.8244,4.0000,0.7354
100004,0,ulti,leaves,3.5008,4.0000,0.9584
100013,1,,,0.0000,0.0000,0.0000
100014,0,durchmars,,4.6547,-6.0000,0.8879
100015,1,,,0.0000,0.0000,0.0000
100006,0,ulti,hearts,7.2101,8.0000,0.9671
100005,0,parti,bells,0.4916,-1.0000,0.7458
100018,1,,,0.0000,0.0000,0.0000
100002,0,parti,leaves,0.9978,1.0000,0.9989
100020,1,,,0.0000,0.0000,0.0000
100012,0,ulti,hearts,3.7997,-16.0000,0.8250
100022,1,,,0.0000,0.0000,0.0000
100017,0,parti,hearts,1.1703,-2.0000,0.7926
100019,0,parti,hearts,0.0103,2.0000,0.5026
100024,0,ulti,leaves,3.5875,-8.0000,0.9656
100016,0,parti,hearts,1.9754,2.0000,0.9938
100027,1,,,0.0000,0.0000,0.0000
100026,0,durchmars,,2.3699,-6.0000,0.6975
100001,0,parti,bells,0.9586,1.0000,0.9793
100029,0,betli,,1.3058,-5.0000,0.6306
100023,0,ulti,bells,2.7607,-8.0000,0.8967
100025,0,ulti,bells,3.8305,4.0000,0.9859
100033,0,durchmars,,5.6920,-6.0000,0.9743
100031,0,ulti,hearts,7.9499,8.0000,0.9979
100011,0,ulti,bells,3.9971,4.0000,0.9998
100036,0,durchmars,,1.1190,-6.0000,0.5932
100032,0,ulti,hearts,5.7024,-16.0000,0.9043
100038,1,,,0.0000,0.0000,0.0000
100035,0,ulti,leaves,3.0897,-8.0000,0.9241
100040,1,,,0.0000,0.0000,0.0000
100039,0,ulti,acorns,3.4273,-8.0000,0.9523
100021,0,ulti,hearts,7.9855,8.0000,0.9994
100030,0,parti,leaves,0.9955,1.0000,0.9978
100041,0,ulti,bells,1.5711,-8.0000,0.7976
100045,1,,,0.0000,0.0000,0.0000
100046,1,,,0.0000,0.0000,0.0000
100044,0,ulti,hearts,6.7523,8.0000,0.9480
100048,0,durchmars,,5.9963,-6.0000,0.9997
100037,0,ulti,hearts,7.4849,8.0000,0.9785
100049,0,ulti,leaves,3.4212,4.0000,0.9518
100051,1,,,0.0000,0.0000,0.0000
100034,0,ulti,hearts,7.9092,8.0000,0.9962
100050,0,ulti,acorns,0.6928,-8.0000,0.7244
100054,1,,,0.0000,0.0000,0.0000
100043,0,parti,acorns,0.9067,1.0000,0.9534
100047,0,parti,hearts,0.5643,-2.0000,0.6411
100042,0,parti,acorns,0.4445,-1.0000,0.7222
100058,0,parti,hearts,1.8833,2.0000,0.9708
100055,0,ulti,bells,3.8555,4.0000,0.9880
100053,0,ulti,bells,3.7135,4.0000,0.9761
100057,0,ulti,hearts,5.5046,8.0000,0.8960
100062,1,,,0.0000,0.0000,0.0000
100061,0,ulti,acorns,2.8363,4.0000,0.9030
100063,1,,,0.0000,0.0000,0.0000
100065,1,,,0.0000,0.0000,0.0000
100060,0,ulti,hearts,6.2426,8.0000,0.9268
100009,0,parti,bells,0.7530,-1.0000,0.8765
100068,1,,,0.0000,0.0000,0.0000
100066,0,betli,,0.7789,-5.0000,0.5779
100069,0,parti,leaves,0.3459,-1.0000,0.6729
100070,0,ulti,bells,3.2310,-8.0000,0.9359
100071,0,ulti,hearts,7.4024,8.0000,0.9751
100073,1,,,0.0000,0.0000,0.0000
100074,1,,,0.0000,0.0000,0.0000
100052,0,ulti,leaves,3.7521,4.0000,0.9793
100028,0,parti,acorns,0.3229,-1.0000,0.6615
100072,0,ulti,bells,3.7723,-8.0000,0.9810
100067,0,ulti,bells,3.8918,4.0000,0.9910
100078,0,ulti,hearts,4.0751,8.0000,0.8365
100077,0,ulti,bells,3.6778,4.0000,0.9731
100076,0,betli,,0.3698,-5.0000,0.5370
100082,1,,,0.0000,0.0000,0.0000
100059,0,ulti,bells,3.3500,4.0000,0.9458
100079,0,ulti,hearts,4.9599,8.0000,0.8733
100075,0,ulti,bells,3.9033,4.0000,0.9919
100056,0,ulti,bells,3.9916,4.0000,0.9993
100086,0,ulti,hearts,3.0959,-16.0000,0.7957
100088,1,,,0.0000,0.0000,0.0000
100084,0,betli,,1.9596,5.0000,0.6960
100085,0,ulti,bells,3.7600,4.0000,0.9800
100087,0,ulti,leaves,3.2386,4.0000,0.9366
100092,1,,,0.0000,0.0000,0.0000
100083,0,parti,hearts,1.6837,-2.0000,0.9209
100094,1,,,0.0000,0.0000,0.0000
100081,0,ulti,bells,2.6119,4.0000,0.8843
100096,0,durchmars,,5.2490,-6.0000,0.9374
100097,1,,,0.0000,0.0000,0.0000
100080,0,parti,bells,0.1855,1.0000,0.5927
100064,0,parti,hearts,0.8452,-2.0000,0.7113
100095,0,ulti,acorns,2.9541,-8.0000,0.9128
100099,0,ulti,hearts,7.3280,-16.0000,0.9720
100101,0,ulti,bells,3.9855,4.0000,0.9988
100103,1,,,0.0000,0.0000,0.0000
100089,0,ulti,bells,2.0235,4.0000,0.8353
100105,1,,,0.0000,0.0000,0.0000
100102,0,ulti,acorns,3.7214,4.0000,0.9768
100107,1,,,0.0000,0.0000,0.0000
100108,0,durchmars,,5.7905,-6.0000,0.9825
100109,1,,,0.0000,0.0000,0.0000
100090,0,parti,hearts,1.8661,2.0000,0.9665
100110,0,ulti,leaves,3.3580,-8.0000,0.9465
100091,0,ulti,bells,3.5767,4.0000,0.9647
100098,0,parti,acorns,0.1573,-1.0000,0.5786
100106,0,parti,acorns,0.9858,1.0000,0.9929
100104,0,ulti,bells,3.6395,4.0000,0.9700
100115,0,parti,hearts,1.9999,2.0000,1.0000
100116,0,durchmars,,5.3134,-6.0000,0.9428
100111,0,ulti,leaves,3.9792,4.0000,0.9983
100119,0,parti,hearts,1.9946,2.0000,0.9987
100117,0,ulti,bells,3.7721,4.0000,0.9810
100120,0,ulti,acorns,2.5480,-8.0000,0.8790
100112,0,parti,acorns,0.9316,1.0000,0.9658
100113,0,parti,acorns,0.9424,-1.0000,0.9712
100121,0,betli,,0.7836,-5.0000,0.5784
100125,1,,,0.0000,0.0000,0.0000
100126,0,durchmars,,5.9356,-6.0000,0.9946
100124,0,parti,acorns,0.9931,1.0000,0.9965
100114,0,ulti,hearts,5.6797,8.0000,0.9033
100129,1,,,0.0000,0.0000,0.0000
100130,1,,,0.0000,0.0000,0.0000
100128,0,ulti,hearts,7.7847,8.0000,0.9910
100118,0,ulti,hearts,6.5225,-16.0000,0.9384
100131,0,betli,,3.6762,-5.0000,0.8676
100134,1,,,0.0000,0.0000,0.0000
100123,0,ulti,hearts,7.8748,8.0000,0.9948
100136,0,ulti,bells,1.8483,-8.0000,0.8207
100133,0,parti,leaves,0.9883,1.0000,0.9941
100138,1,,,0.0000,0.0000,0.0000
100127,0,ulti,acorns,2.8315,-8.0000,0.9026
100140,1,,,0.0000,0.0000,0.0000
100139,0,parti,hearts,1.5254,2.0000,0.8813
100142,1,,,0.0000,0.0000,0.0000
100137,0,parti,hearts,1.3126,-2.0000,0.8282
100132,0,ulti,hearts,7.5954,8.0000,0.9831
100145,1,,,0.0000,0.0000,0.0000
100146,0,parti,leaves,0.0648,-1.0000,0.5324
100135,0,ulti,leaves,3.6808,4.0000,0.9734
100141,0,ulti,acorns,3.9920,4.0000,0.9993
100143,0,parti,hearts,1.6395,2.0000,0.9099
100148,0,ulti,bells,1.4547,-8.0000,0.7879
100147,0,ulti,hearts,2.3874,-16.0000,0.7661
100144,0,parti,hearts,0.3317,-2.0000,0.5829
100152,0,parti,acorns,0.0062,-1.0000,0.5031
100154,1,,,0.0000,0.0000,0.0000
100151,0,ulti,bells,3.8401,-8.0000,0.9867
100155,0,ulti,leaves,3.6102,4.0000,0.9675
100153,0,ulti,bells,3.6586,4.0000,0.9715
100157,0,ulti,hearts,2.7510,-16.0000,0.7813
100159,1,,,0.0000,0.0000,0.0000
100158,0,durchmars,,4.4150,-6.0000,0.8679
100122,0,ulti,bells,3.9281,4.0000,0.9940
100162,1,,,0.0000,0.0000,0.0000
100160,0,parti,acorns,0.4013,-1.0000,0.7006
100100,0,parti,acorns,0.9533,1.0000,0.9767
100150,0,parti,acorns,0.9196,1.0000,0.9598
100164,0,ulti,hearts,7.7650,8.0000,0.9902
100161,0,parti,hearts,1.6535,-2.0000,0.9134
100166,0,ulti,hearts,2.3919,-16.0000,0.7663
100169,1,,,0.0000,0.0000,0.0000
100156,0,ulti,bells,3.9936,4.0000,0.9995
100171,0,ulti,hearts,2.9493,8.0000,0.7896
100167,0,ulti,hearts,1.8778,8.0000,0.7449
100172,0,durchmars,,1.2030,-6.0000,0.6003
100165,0,parti,acorns,0.7078,1.0000,0.8539
100175,1,,,0.0000,0.0000,0.0000
100093,0,ulti,leaves,3.9963,4.0000,0.9997
100168,0,ulti,bells,3.9141,4.0000,0.9928
100173,0,ulti,bells,3.9138,4.0000,0.9928
100170,0,parti,acorns,0.0965,1.0000,0.5483
100180,0,parti,hearts,1.5125,-2.0000,0.8781
100149,0,parti,hearts,0.6322,-2.0000,0.6580
100176,0,parti,hearts,1.8924,2.0000,0.9731
100177,0,ulti,hearts,6.8585,8.0000,0.9524
100174,0,ulti,hearts,7.4631,8.0000,0.9776
100184,1,,,0.0000,0.0000,0.0000
100185,1,,,0.0000,0.0000,0.0000
100187,1,,,0.0000,0.0000,0.0000
100186,0,ulti,leaves,2.0424,-8.0000,0.8369
100183,0,ulti,bells,2.7906,4.0000,0.8992
100178,0,parti,acorns,0.8456,1.0000,0.9228
100189,0,ulti,bells,2.7877,4.0000,0.8990
100190,0,parti,leaves,0.4733,1.0000,0.7366
100188,0,ulti,bells,2.0488,4.0000,0.8374
100194,0,ulti,leaves,1.1790,4.0000,0.7649
100192,0,parti,hearts,1.9912,2.0000,0.9978
100196,1,,,0.0000,0.0000,0.0000
100193,0,betli,,1.9189,-5.0000,0.6919
100191,0,parti,hearts,1.9421,2.0000,0.9855
100199,1,,,0.0000,0.0000,0.0000
100179,0,parti,hearts,1.2593,-2.0000,0.8148
100198,0,ulti,acorns,1.8373,4.0000,0.8198
100200,0,ulti,leaves,2.8539,4.0000,0.9045
100203,1,,,0.0000,0.0000,0.0000
100204,1,,,0.0000,0.0000,0.0000
100182,0,ulti,acorns,3.9861,4.0000,0.9988
100202,0,ulti,leaves,1.1370,-8.0000,0.7614
100205,0,parti,hearts,0.9931,-2.0000,0.7483
100208,1,,,0.0000,0.0000,0.0000
100209,1,,,0.0000,0.0000,0.0000
100206,0,ulti,hearts,5.8898,8.0000,0.9121
100207,0,parti,bells,0.0717,-1.0000,0.5359
100210,0,betli,,0.7647,5.0000,0.5765
100213,1,,,0.0000,0.0000,0.0000
100195,0,ulti,bells,3.7652,4.0000,0.9804
100212,0,parti,hearts,1.1661,2.0000,0.7915
100214,0,ulti,leaves,2.5472,-8.0000,0.8789
100215,0,parti,hearts,1.2441,2.0000,0.8110
100218,1,,,0.0000,0.0000,0.0000
100216,0,ulti,leaves,3.3049,-8.0000,0.9421
100219,0,durchmars,,5.5244,-6.0000,0.9604
100217,0,ulti,bells,1.0678,-8.0000,0.7557
100163,0,ulti,leaves,3.9355,4.0000,0.9946
100223,1,,,0.0000,0.0000,0.0000
100220,0,ulti,bells,1.3435,4.0000,0.7786
100225,1,,,0.0000,0.0000,0.0000
100226,1,,,0.0000,0.0000,0.0000
100222,0,ulti,leaves,2.8521,-8.0000,0.9043
100221,0,ulti,leaves,0.8936,4.0000,0.7411
100211,0,parti,leaves,0.5821,1.0000,0.7910
100224,0,parti,acorns,0.0112,-1.0000,0.5056
100201,0,ulti,bells,3.9964,4.0000,0.9997
100230,0,parti,hearts,1.9808,2.0000,0.9952
100228,0,ulti,bells,0.8572,4.0000,0.7381
100231,0,ulti,hearts,6.0894,8.0000,0.9204
100235,0,ulti,hearts,3.8274,-16.0000,0.8261
100236,0,durchmars,,1.2852,-6.0000,0.6071
100233,0,parti,acorns,0.6274,1.0000,0.8137
100237,0,ulti,leaves,3.3075,-8.0000,0.9423
100234,0,ulti,hearts,4.6887,8.0000,0.8620
100227,0,parti,acorns,0.0479,-1.0000,0.5240
100232,0,ulti,hearts,7.2063,8.0000,0.9669
100239,0,ulti,hearts,5.9957,8.0000,0.9165
100243,1,,,0.0000,0.0000,0.0000
100242,0,ulti,bells,3.5906,4.0000,0.9659
100245,0,durchmars,,5.9552,-6.0000,0.9963
100240,0,ulti,hearts,4.0387,-16.0000,0.8349
100247,1,,,0.0000,0.0000,0.0000
100248,1,,,0.0000,0.0000,0.0000
100241,0,ulti,acorns,3.8980,4.0000,0.9915
100246,0,ulti,acorns,3.4049,-8.0000,0.9504
100250,0,parti,hearts,1.3090,-2.0000,0.8273
100244,0,parti,hearts,1.3541,2.0000,0.8385
100238,0,parti,hearts,1.2759,2.0000,0.8190
100254,1,,,0.0000,0.0000,0.0000
100249,0,ulti,hearts,4.2208,8.0000,0.8425
100256,1,,,0.0000,0.0000,0.0000
100252,0,ulti,leaves,2.4598,4.0000,0.8717
100229,0,ulti,acorns,3.6900,4.0000,0.9742
100259,1,,,0.0000,0.0000,0.0000
100253,0,ulti,bells,2.1703,4.0000,0.8475
100257,0,ulti,acorns,0.4520,-8.0000,0.7043
100255,0,ulti,hearts,6.3996,8.0000,0.9333
100181,0,parti,bells,0.9106,1.0000,0.9553
100264,1,,,0.0000,0.0000,0.0000
100263,0,parti,hearts,1.8527,2.0000,0.9632
100266,0,parti,hearts,0.6994,-2.0000,0.6748
100265,0,parti,hearts,1.5061,-2.0000,0.8765
100251,0,ulti,acorns,3.9952,4.0000,0.9996
100258,0,ulti,bells,3.7614,4.0000,0.9801
100197,0,ulti,leaves,3.9873,4.0000,0.9989
100271,1,,,0.0000,0.0000,0.0000
100260,0,parti,hearts,1.9528,2.0000,0.9882
100272,0,betli,,3.1015,5.0000,0.8102
100273,0,durchmars,,4.8592,-6.0000,0.9049
100269,0,ulti,bells,3.4092,4.0000,0.9508
100276,0,ulti,bells,3.1428,-8.0000,0.9286
100277,1,,,0.0000,0.0000,0.0000
100270,0,ulti,leaves,3.2404,4.0000,0.9367
100267,0,parti,hearts,0.7394,-2.0000,0.6849
100280,1,,,0.0000,0.0000,0.0000
100281,0,ulti,hearts,5.8917,-16.0000,0.9122
100282,1,,,0.0000,0.0000,0.0000
100283,1,,,0.0000,0.0000,0.0000
100284,1,,,0.0000,0.0000,0.0000
100285,0,durchmars,,5.5319,-6.0000,0.9610
100286,0,ulti,leaves,3.4020,-8.0000,0.9502
100274,0,parti,acorns,0.8668,1.0000,0.9334
100288,1,,,0.0000,0.0000,0.0000
100278,0,parti,hearts,1.2546,2.0000,0.8136
100289,0,ulti,leaves,3.3900,4.0000,0.9492
100279,0,ulti,leaves,3.9815,4.0000,0.9985
100275,0,ulti,hearts,7.5594,8.0000,0.9816
100292,0,ulti,leaves,3.9770,4.0000,0.9981
100291,0,betli,,2.2552,-5.0000,0.7255
100268,0,parti,leaves,0.4556,1.0000,0.7278
100296,0,betli,,0.6855,-5.0000,0.5685
100287,0,ulti,acorns,3.5957,4.0000,0.9663
100298,1,,,0.0000,0.0000,0.0000
100299,1,,,0.0000,0.0000,0.0000
100295,0,parti,hearts,1.9358,2.0000,0.9840
100294,0,ulti,leaves,3.6491,4.0000,0.9708
100290,0,parti,leaves,0.8691,1.0000,0.9346
100261,0,ulti,bells,3.9881,4.0000,0.9990
100297,0,ulti,bells,3.6799,4.0000,0.9733
100262,0,ulti,bells,3.9910,4.0000,0.9993
100293,0,ulti,bells,3.9813,4.0000,0.9984
